use_this,item_number,upc_number,collection,category,title,map,post_key,neg_key,nprice1,nprice2,nprice3,nprice4,nprice5,nprice6,nprice7,nprice8,nprice9,nprice10,nprice11,nprice12,nprice13,nprice14,nprice15,h_search,asin
RAYPAK 017371,17371,84089104153,Gas Heaters,UNIT-C/P B-R206A-EN-C,,1,,,,,,,,,,,,,,,,,,,
RAYPAK 017375,17375,84089104157,Gas Heaters,UNIT-C/P B-R206A-EN-C,,1,,,,,,,,,,,,,,,,,,,
RAYPAK 017379,17379,84089104161,Gas Heaters,UNIT-C/P B-R206A-EN-C,,1,,,,,,,,,,,,,,,,,,,
RAYPAK 017399,17399,84089104216,Gas Heaters,UNIT-C/P B-R206A-EN-X,,1,,,,,,,,,,,,,,,,,,,
RAYPAK 017403,17403,84089104220,Gas Heaters,UNIT-C/P B-R206A-EN-X,,1,,,,,,,,,,,,,,,,,,,
RAYPAK 017407,17407,84089104224,Gas Heaters,UNIT-C/P B-R206A-EN-X,,1,,,,,,,,,,,,,,,,,,,
RAYPAK 017383,17383,84089104181,Gas Heaters,UNIT-C/P B-R206A-EP-C,,1,,,,,,,,,,,,,,,,,,,
RAYPAK 017387,17387,84089104185,Gas Heaters,UNIT-C/P B-R206A-EP-C,,1,,,,,,,,,,,,,,,,,,,
RAYPAK 017391,17391,84089104189,Gas Heaters,UNIT-C/P B-R206A-EP-C,,1,,,,,,,,,,,,,,,,,,,
RAYPAK 017395,17395,84089104193,Gas Heaters,UNIT-C/P B-R206A-EP-C,,1,,,,,,,,,,,,,,,,,,,
RAYPAK 017411,17411,84089104201,Gas Heaters,UNIT-C/P B-R206A-EP-X,,1,,,,,,,,,,,,,,,,,,,
RAYPAK 017415,17415,84089104205,Gas Heaters,UNIT-C/P B-R206A-EP-X,,1,,,,,,,,,,,,,,,,,,,
RAYPAK 017419,17419,84089104209,Gas Heaters,UNIT-C/P B-R206A-EP-X,,1,,,,,,,,,,,,,,,,,,,
RAYPAK 017423,17423,84089104213,Gas Heaters,UNIT-C/P B-R206A-EP-X,,1,,,,,,,,,,,,,,,,,,,
RAYPAK 017705,17705,84089104197,Gas Heaters,UNIT-C/P B-R207A-EN-C,,1,,,,,,,,,,,,,,,,,,,
RAYPAK 017709,17709,84089104229,Gas Heaters,UNIT-C/P B-R207A-EN-X,,1,,,,,,,,,,,,,,,,,,,
RAYPAK 017372,17372,84089104154,Gas Heaters,UNIT-C/P B-R266A-EN-C,,1,,,,,,,,,,,,,,,,,,,
RAYPAK 017376,17376,84089104158,Gas Heaters,UNIT-C/P B-R266A-EN-C,,1,,,,,,,,,,,,,,,,,,,
RAYPAK 017380,17380,84089104162,Gas Heaters,UNIT-C/P B-R266A-EN-C,,1,,,,,,,,,,,,,,,,,,,
RAYPAK 017400,17400,84089104217,Gas Heaters,UNIT-C/P B-R266A-EN-X,,1,,,,,,,,,,,,,,,,,,,
RAYPAK 017404,17404,84089104221,Gas Heaters,UNIT-C/P B-R266A-EN-X,,1,,,,,,,,,,,,,,,,,,,
RAYPAK 017408,17408,84089104227,Gas Heaters,UNIT-C/P B-R266A-EN-X,,1,,,,,,,,,,,,,,,,,,,
RAYPAK 017384,17384,84089104182,Gas Heaters,UNIT-C/P B-R266A-EP-C,,1,,,,,,,,,,,,,,,,,,,
RAYPAK 017388,17388,84089104186,Gas Heaters,UNIT-C/P B-R266A-EP-C,,1,,,,,,,,,,,,,,,,,,,
RAYPAK 017392,17392,84089104190,Gas Heaters,UNIT-C/P B-R266A-EP-C,,1,,,,,,,,,,,,,,,,,,,
RAYPAK 017396,17396,84089104194,Gas Heaters,UNIT-C/P B-R266A-EP-C,,1,,,,,,,,,,,,,,,,,,,
RAYPAK 017412,17412,84089104202,Gas Heaters,UNIT-C/P B-R266A-EP-X,,1,,,,,,,,,,,,,,,,,,,
RAYPAK 017416,17416,84089104206,Gas Heaters,UNIT-C/P B-R266A-EP-X,,1,,,,,,,,,,,,,,,,,,,
RAYPAK 017420,17420,84089104210,Gas Heaters,UNIT-C/P B-R266A-EP-X,,1,,,,,,,,,,,,,,,,,,,
RAYPAK 017424,17424,84089104214,Gas Heaters,UNIT-C/P B-R266A-EP-X,,1,,,,,,,,,,,,,,,,,,,
RAYPAK 017706,17706,84089104198,Gas Heaters,UNIT-C/P B-R267A-EN-C,,1,,,,,,,,,,,,,,,,,,,
RAYPAK 017710,17710,84089104230,Gas Heaters,UNIT-C/P B-R267A-EN-X,,1,,,,,,,,,,,,,,,,,,,
RAYPAK 013729,13729,84089102966,Gas Heaters,UNIT-C/P B-R268-EN-X #50,,1,,,,,,,,,,,,,,,,,,,
RAYPAK 013739,13739,84089102971,Gas Heaters,UNIT-C/P B-R268-EN-X #51,,1,,,,,,,,,,,,,,,,,,,
RAYPAK 013740,13740,84089102972,Gas Heaters,UNIT-C/P B-R268-EN-X #52,,1,,,,,,,,,,,,,,,,,,,
RAYPAK 013730,13730,84089102976,Gas Heaters,UNIT-C/P B-R268-EP-X #57,,1,,,,,,,,,,,,,,,,,,,
RAYPAK 013741,13741,84089102977,Gas Heaters,UNIT-C/P B-R268-EP-X #58,,1,,,,,,,,,,,,,,,,,,,
RAYPAK 013742,13742,84089102978,Gas Heaters,UNIT-C/P B-R268-EP-X #59,,1,,,,,,,,,,,,,,,,,,,
RAYPAK 013743,13743,84089102979,Gas Heaters,UNIT-C/P B-R268-EP-X #60,,1,,,,,,,,,,,,,,,,,,,
RAYPAK 017373,17373,84089104155,Gas Heaters,UNIT-C/P B-R336A-EN-C,,1,,,,,,,,,,,,,,,,,,,
RAYPAK 017377,17377,84089104159,Gas Heaters,UNIT-C/P B-R336A-EN-C,,1,,,,,,,,,,,,,,,,,,,
RAYPAK 017381,17381,84089104163,Gas Heaters,UNIT-C/P B-R336A-EN-C,,1,,,,,,,,,,,,,,,,,,,
RAYPAK 017401,17401,84089104218,Gas Heaters,UNIT-C/P B-R336A-EN-X,,1,,,,,,,,,,,,,,,,,,,
RAYPAK 017405,17405,84089104222,Gas Heaters,UNIT-C/P B-R336A-EN-X,,1,,,,,,,,,,,,,,,,,,,
RAYPAK 017409,17409,84089104226,Gas Heaters,UNIT-C/P B-R336A-EN-X,,1,,,,,,,,,,,,,,,,,,,
RAYPAK 017385,17385,84089104183,Gas Heaters,UNIT-C/P B-R336A-EP-C,,1,,,,,,,,,,,,,,,,,,,
RAYPAK 017389,17389,84089104187,Gas Heaters,UNIT-C/P B-R336A-EP-C,,1,,,,,,,,,,,,,,,,,,,
RAYPAK 017393,17393,84089104191,Gas Heaters,UNIT-C/P B-R336A-EP-C,,1,,,,,,,,,,,,,,,,,,,
RAYPAK 017397,17397,84089104195,Gas Heaters,UNIT-C/P B-R336A-EP-C,,1,,,,,,,,,,,,,,,,,,,
RAYPAK 017413,17413,84089104203,Gas Heaters,UNIT-C/P B-R336A-EP-X,,1,,,,,,,,,,,,,,,,,,,
RAYPAK 017417,17417,84089104208,Gas Heaters,UNIT-C/P B-R336A-EP-X,,1,,,,,,,,,,,,,,,,,,,
RAYPAK 017421,17421,84089104211,Gas Heaters,UNIT-C/P B-R336A-EP-X,,1,,,,,,,,,,,,,,,,,,,
RAYPAK 017425,17425,84089104215,Gas Heaters,UNIT-C/P B-R336A-EP-X,,1,,,,,,,,,,,,,,,,,,,
RAYPAK 017707,17707,84089104199,Gas Heaters,UNIT-C/P B-R337A-EN-C,,1,,,,,,,,,,,,,,,,,,,
RAYPAK 017711,17711,84089104231,Gas Heaters,UNIT-C/P B-R337A-EN-X,,1,,,,,,,,,,,,,,,,,,,
RAYPAK 017374,17374,84089104156,Gas Heaters,UNIT-C/P B-R406A-EN-C,,1,,,,,,,,,,,,,,,,,,,
RAYPAK 017378,17378,84089104160,Gas Heaters,UNIT-C/P B-R406A-EN-C,,1,,,,,,,,,,,,,,,,,,,
RAYPAK 017382,17382,84089104164,Gas Heaters,UNIT-C/P B-R406A-EN-C,,1,,,,,,,,,,,,,,,,,,,
RAYPAK 017402,17402,84089104219,Gas Heaters,UNIT-C/P B-R406A-EN-X,,1,,,,,,,,,,,,,,,,,,,
RAYPAK 017406,17406,84089104223,Gas Heaters,UNIT-C/P B-R406A-EN-X,,1,,,,,,,,,,,,,,,,,,,
RAYPAK 017410,17410,84089104228,Gas Heaters,UNIT-C/P B-R406A-EN-X,,1,,,,,,,,,,,,,,,,,,,
RAYPAK 017386,17386,84089104184,Gas Heaters,UNIT-C/P B-R406A-EP-C,,1,,,,,,,,,,,,,,,,,,,
RAYPAK 017390,17390,84089104188,Gas Heaters,UNIT-C/P B-R406A-EP-C,,1,,,,,,,,,,,,,,,,,,,
RAYPAK 017394,17394,84089104192,Gas Heaters,UNIT-C/P B-R406A-EP-C,,1,,,,,,,,,,,,,,,,,,,
RAYPAK 017398,17398,84089104196,Gas Heaters,UNIT-C/P B-R406A-EP-C,,1,,,,,,,,,,,,,,,,,,,
RAYPAK 017414,17414,84089104204,Gas Heaters,UNIT-C/P B-R406A-EP-X,,1,,,,,,,,,,,,,,,,,,,
RAYPAK 017418,17418,84089104207,Gas Heaters,UNIT-C/P B-R406A-EP-X,,1,,,,,,,,,,,,,,,,,,,
RAYPAK 017422,17422,84089104212,Gas Heaters,UNIT-C/P B-R406A-EP-X,,1,,,,,,,,,,,,,,,,,,,
RAYPAK 017426,17426,84089104381,Gas Heaters,UNIT-C/P B-R406A-EP-X,,1,,,,,,,,,,,,,,,,,,,
RAYPAK 017708,17708,84089104200,Gas Heaters,UNIT-C/P B-R407A-EN-C,,1,,,,,,,,,,,,,,,,,,,
RAYPAK 017712,17712,84089104232,Gas Heaters,UNIT-C/P B-R407A-EN-X,,1,,,,,,,,,,,,,,,,,,,
RAYPAK 013731,13731,84089102973,Gas Heaters,UNIT-C/P B-R408-EN-X #50,,1,,,,,,,,,,,,,,,,,,,
RAYPAK 013744,13744,84089102974,Gas Heaters,UNIT-C/P B-R408-EN-X #51,,1,,,,,,,,,,,,,,,,,,,
RAYPAK 013745,13745,84089102975,Gas Heaters,UNIT-C/P B-R408-EN-X #52,,1,,,,,,,,,,,,,,,,,,,
RAYPAK 013732,13732,84089102980,Gas Heaters,UNIT-C/P B-R408-EP-X #57,,1,,,,,,,,,,,,,,,,,,,
RAYPAK 013746,13746,84089102981,Gas Heaters,UNIT-C/P B-R408-EP-X #58,,1,,,,,,,,,,,,,,,,,,,
RAYPAK 013747,13747,84089102982,Gas Heaters,UNIT-C/P B-R408-EP-X #59,,1,,,,,,,,,,,,,,,,,,,
RAYPAK 013748,13748,84089102983,Gas Heaters,UNIT-C/P B-R408-EP-X #60,,1,,,,,,,,,,,,,,,,,,,
RUUD 014815,14815,84089103223,Gas Heaters,UNIT-C/P P-D106A-AN-C,,1,,,,,,,,,,,,,,,,,,,
RUUD 014816,14816,84089103224,Gas Heaters,UNIT-C/P P-D106A-AN-C,,1,,,,,,,,,,,,,,,,,,,
RUUD 014817,14817,84089103225,Gas Heaters,UNIT-C/P P-D106A-AP-C,,1,,,,,,,,,,,,,,,,,,,
RUUD 014818,14818,84089103226,Gas Heaters,UNIT-C/P P-D106A-AP-C,,1,,,,,,,,,,,,,,,,,,,
RUUD 014819,14819,84089103227,Gas Heaters,UNIT-C/P P-D106A-AP-C,,1,,,,,,,,,,,,,,,,,,,
RUUD 014820,14820,84089103228,Gas Heaters,UNIT-C/P P-D156A-EN-C,,1,,,,,,,,,,,,,,,,,,,
RUUD 014821,14821,84089103229,Gas Heaters,UNIT-C/P P-D156A-EN-C,,1,,,,,,,,,,,,,,,,,,,
RUUD 014822,14822,84089103230,Gas Heaters,UNIT-C/P P-D156A-EP-C,,1,,,,,,,,,,,,,,,,,,,
RUUD 014823,14823,84089103231,Gas Heaters,UNIT-C/P P-D156A-EP-C,,1,,,,,,,,,,,,,,,,,,,
RUUD 014824,14824,84089103232,Gas Heaters,UNIT-C/P P-D156A-EP-C,,1,,,,,,,,,,,,,,,,,,,
RUUD 009994,9994,84089101456,Gas Heaters,UNIT-C/P P-D206A-EN-C,,1,,,,,,,,,,,,,,,,,,,
RUUD 009998,9998,84089101460,Gas Heaters,UNIT-C/P P-D206A-EN-C,,1,,,,,,,,,,,,,,,,,,,
RUUD 010002,10002,84089101464,Gas Heaters,UNIT-C/P P-D206A-EN-C,,1,,,,,,,,,,,,,,,,,,,
RUUD 014994,14994,84089103293,Gas Heaters,UNIT-C/P P-D206A-EN-X,,1,,,,,,,,,,,,,,,,,,,
RUUD 014998,14998,84089103297,Gas Heaters,UNIT-C/P P-D206A-EN-X,,1,,,,,,,,,,,,,,,,,,,
RUUD 015002,15002,84089103301,Gas Heaters,UNIT-C/P P-D206A-EN-X,,1,,,,,,,,,,,,,,,,,,,
RUUD 010006,10006,84089101468,Gas Heaters,UNIT-C/P P-D206A-EP-C,,1,,,,,,,,,,,,,,,,,,,
RUUD 010010,10010,84089101472,Gas Heaters,UNIT-C/P P-D206A-EP-C,,1,,,,,,,,,,,,,,,,,,,
RUUD 010014,10014,84089101476,Gas Heaters,UNIT-C/P P-D206A-EP-C,,1,,,,,,,,,,,,,,,,,,,
RUUD 010018,10018,84089101480,Gas Heaters,UNIT-C/P P-D206A-EP-C,,1,,,,,,,,,,,,,,,,,,,
RUUD 015576,15576,84089103533,Gas Heaters,UNIT-C/P P-D206A-EP-C,,1,,,,,,,,,,,,,,,,,,,
RUUD 015006,15006,84089103305,Gas Heaters,UNIT-C/P P-D206A-EP-X,,1,,,,,,,,,,,,,,,,,,,
RUUD 015010,15010,84089103309,Gas Heaters,UNIT-C/P P-D206A-EP-X,,1,,,,,,,,,,,,,,,,,,,
RUUD 015014,15014,84089103313,Gas Heaters,UNIT-C/P P-D206A-EP-X,,1,,,,,,,,,,,,,,,,,,,
RUUD 015018,15018,84089103317,Gas Heaters,UNIT-C/P P-D206A-EP-X,,1,,,,,,,,,,,,,,,,,,,
RUUD 009934,9934,84089101397,Gas Heaters,UNIT-C/P P-D206A-MN-C,,1,,,,,,,,,,,,,,,,,,,
RUUD 009938,9938,84089101401,Gas Heaters,UNIT-C/P P-D206A-MN-C,,1,,,,,,,,,,,,,,,,,,,
RUUD 009942,9942,84089101405,Gas Heaters,UNIT-C/P P-D206A-MN-C,,1,,,,,,,,,,,,,,,,,,,
RUUD 009946,9946,84089101409,Gas Heaters,UNIT-C/P P-D206A-MP-C,,1,,,,,,,,,,,,,,,,,,,
RUUD 009950,9950,84089101413,Gas Heaters,UNIT-C/P P-D206A-MP-C,,1,,,,,,,,,,,,,,,,,,,
RUUD 009954,9954,84089101417,Gas Heaters,UNIT-C/P P-D206A-MP-C,,1,,,,,,,,,,,,,,,,,,,
RUUD 009958,9958,84089101421,Gas Heaters,UNIT-C/P P-D206A-MP-C,,1,,,,,,,,,,,,,,,,,,,
RUUD 010022,10022,84089101484,Gas Heaters,UNIT-C/P P-D207A-EN-C,,1,,,,,,,,,,,,,,,,,,,
RUUD 010194,10194,84089101577,Gas Heaters,UNIT-C/P P-D207A-EN-X,,1,,,,,,,,,,,,,,,,,,,
RUUD 018092,18092,84089104810,Gas Heaters,UNIT-C/P P-D264A-EN-C,,1,,,,,,,,,,,,,,,,,,,
RUUD 018098,18098,6.62E+11,Gas Heaters,UNIT-C/P P-D264A-EP-C,,1,,,,,,,,,,,,,,,,,,,
RUUD 009995,9995,84089101457,Gas Heaters,UNIT-C/P P-D266A-EN-C,,1,,,,,,,,,,,,,,,,,,,
RUUD 009999,9999,84089101461,Gas Heaters,UNIT-C/P P-D266A-EN-C,,1,,,,,,,,,,,,,,,,,,,
RUUD 010003,10003,84089101465,Gas Heaters,UNIT-C/P P-D266A-EN-C,,1,,,,,,,,,,,,,,,,,,,
RUUD 014995,14995,84089103294,Gas Heaters,UNIT-C/P P-D266A-EN-X,,1,,,,,,,,,,,,,,,,,,,
RUUD 014999,14999,84089103298,Gas Heaters,UNIT-C/P P-D266A-EN-X,,1,,,,,,,,,,,,,,,,,,,
RUUD 015003,15003,84089103302,Gas Heaters,UNIT-C/P P-D266A-EN-X,,1,,,,,,,,,,,,,,,,,,,
RUUD 010007,10007,84089101469,Gas Heaters,UNIT-C/P P-D266A-EP-C,,1,,,,,,,,,,,,,,,,,,,
RUUD 010011,10011,84089101473,Gas Heaters,UNIT-C/P P-D266A-EP-C,,1,,,,,,,,,,,,,,,,,,,
RUUD 010015,10015,84089101477,Gas Heaters,UNIT-C/P P-D266A-EP-C,,1,,,,,,,,,,,,,,,,,,,
RUUD 010019,10019,84089101481,Gas Heaters,UNIT-C/P P-D266A-EP-C,,1,,,,,,,,,,,,,,,,,,,
RUUD 015579,15579,84089103534,Gas Heaters,UNIT-C/P P-D266A-EP-C,,1,,,,,,,,,,,,,,,,,,,
RUUD 015007,15007,84089103306,Gas Heaters,UNIT-C/P P-D266A-EP-X,,1,,,,,,,,,,,,,,,,,,,
RUUD 015011,15011,84089103310,Gas Heaters,UNIT-C/P P-D266A-EP-X,,1,,,,,,,,,,,,,,,,,,,
RUUD 015015,15015,84089103314,Gas Heaters,UNIT-C/P P-D266A-EP-X,,1,,,,,,,,,,,,,,,,,,,
RUUD 015019,15019,84089103318,Gas Heaters,UNIT-C/P P-D266A-EP-X,,1,,,,,,,,,,,,,,,,,,,
RUUD 009935,9935,84089101398,Gas Heaters,UNIT-C/P P-D266A-MN-C,,1,,,,,,,,,,,,,,,,,,,
RUUD 009939,9939,84089101402,Gas Heaters,UNIT-C/P P-D266A-MN-C,,1,,,,,,,,,,,,,,,,,,,
RUUD 009943,9943,84089101406,Gas Heaters,UNIT-C/P P-D266A-MN-C,,1,,,,,,,,,,,,,,,,,,,
RUUD 009947,9947,84089101410,Gas Heaters,UNIT-C/P P-D266A-MP-C,,1,,,,,,,,,,,,,,,,,,,
RUUD 009951,9951,84089101414,Gas Heaters,UNIT-C/P P-D266A-MP-C,,1,,,,,,,,,,,,,,,,,,,
RUUD 009955,9955,84089101418,Gas Heaters,UNIT-C/P P-D266A-MP-C,,1,,,,,,,,,,,,,,,,,,,
RUUD 009959,9959,84089101422,Gas Heaters,UNIT-C/P P-D266A-MP-C,,1,,,,,,,,,,,,,,,,,,,
RUUD 010023,10023,84089101485,Gas Heaters,UNIT-C/P P-D267A-EN-C,,1,,,,,,,,,,,,,,,,,,,
RUUD 010195,10195,84089101578,Gas Heaters,UNIT-C/P P-D267A-EN-X,,1,,,,,,,,,,,,,,,,,,,
RUUD 009996,9996,84089101458,Gas Heaters,UNIT-C/P P-D336A-EN-C,,1,,,,,,,,,,,,,,,,,,,
RUUD 010000,10000,84089101462,Gas Heaters,UNIT-C/P P-D336A-EN-C,,1,,,,,,,,,,,,,,,,,,,
RUUD 010004,10004,84089101466,Gas Heaters,UNIT-C/P P-D336A-EN-C,,1,,,,,,,,,,,,,,,,,,,
RUUD 014996,14996,84089103295,Gas Heaters,UNIT-C/P P-D336A-EN-X,,1,,,,,,,,,,,,,,,,,,,
RUUD 015000,15000,84089103299,Gas Heaters,UNIT-C/P P-D336A-EN-X,,1,,,,,,,,,,,,,,,,,,,
RUUD 015004,15004,84089103303,Gas Heaters,UNIT-C/P P-D336A-EN-X,,1,,,,,,,,,,,,,,,,,,,
RUUD 010008,10008,84089101470,Gas Heaters,UNIT-C/P P-D336A-EP-C,,1,,,,,,,,,,,,,,,,,,,
RUUD 010012,10012,84089101474,Gas Heaters,UNIT-C/P P-D336A-EP-C,,1,,,,,,,,,,,,,,,,,,,
RUUD 010016,10016,84089101478,Gas Heaters,UNIT-C/P P-D336A-EP-C,,1,,,,,,,,,,,,,,,,,,,
RUUD 010020,10020,84089101482,Gas Heaters,UNIT-C/P P-D336A-EP-C,,1,,,,,,,,,,,,,,,,,,,
RUUD 015582,15582,84089103535,Gas Heaters,UNIT-C/P P-D336A-EP-C,,1,,,,,,,,,,,,,,,,,,,
RUUD 015008,15008,84089103307,Gas Heaters,UNIT-C/P P-D336A-EP-X,,1,,,,,,,,,,,,,,,,,,,
RUUD 015012,15012,84089103311,Gas Heaters,UNIT-C/P P-D336A-EP-X,,1,,,,,,,,,,,,,,,,,,,
RUUD 015016,15016,84089103315,Gas Heaters,UNIT-C/P P-D336A-EP-X,,1,,,,,,,,,,,,,,,,,,,
RUUD 015020,15020,84089103319,Gas Heaters,UNIT-C/P P-D336A-EP-X,,1,,,,,,,,,,,,,,,,,,,
RUUD 009936,9936,84089101399,Gas Heaters,UNIT-C/P P-D336A-MN-C,,1,,,,,,,,,,,,,,,,,,,
RUUD 009940,9940,84089101403,Gas Heaters,UNIT-C/P P-D336A-MN-C,,1,,,,,,,,,,,,,,,,,,,
RUUD 009944,9944,84089101407,Gas Heaters,UNIT-C/P P-D336A-MN-C,,1,,,,,,,,,,,,,,,,,,,
RUUD 009948,9948,84089101411,Gas Heaters,UNIT-C/P P-D336A-MP-C,,1,,,,,,,,,,,,,,,,,,,
RUUD 009952,9952,84089101415,Gas Heaters,UNIT-C/P P-D336A-MP-C,,1,,,,,,,,,,,,,,,,,,,
RUUD 009956,9956,84089101419,Gas Heaters,UNIT-C/P P-D336A-MP-C,,1,,,,,,,,,,,,,,,,,,,
RUUD 009960,9960,84089101423,Gas Heaters,UNIT-C/P P-D336A-MP-C,,1,,,,,,,,,,,,,,,,,,,
RUUD 010024,10024,84089102607,Gas Heaters,UNIT-C/P P-D337A-EN-C,,1,,,,,,,,,,,,,,,,,,,
RUUD 010196,10196,84089102628,Gas Heaters,UNIT-C/P P-D337A-EN-X,,1,,,,,,,,,,,,,,,,,,,
RUUD 018093,18093,6.62E+11,Gas Heaters,UNIT-C/P P-D404A-EN-C,,1,,,,,,,,,,,,,,,,,,,
RUUD 018099,18099,6.62E+11,Gas Heaters,UNIT-C/P P-D404A-EP-C,,1,,,,,,,,,,,,,,,,,,,
RUUD 009997,9997,84089101459,Gas Heaters,UNIT-C/P P-D406A-EN-C,,1,,,,,,,,,,,,,,,,,,,
RUUD 010001,10001,84089101463,Gas Heaters,UNIT-C/P P-D406A-EN-C,,1,,,,,,,,,,,,,,,,,,,
RUUD 010005,10005,84089101467,Gas Heaters,UNIT-C/P P-D406A-EN-C,,1,,,,,,,,,,,,,,,,,,,
RUUD 014997,14997,84089103296,Gas Heaters,UNIT-C/P P-D406A-EN-X,,1,,,,,,,,,,,,,,,,,,,
RUUD 015001,15001,84089103300,Gas Heaters,UNIT-C/P P-D406A-EN-X,,1,,,,,,,,,,,,,,,,,,,
RUUD 015005,15005,84089103304,Gas Heaters,UNIT-C/P P-D406A-EN-X,,1,,,,,,,,,,,,,,,,,,,
RUUD 010009,10009,84089101471,Gas Heaters,UNIT-C/P P-D406A-EP-C,,1,,,,,,,,,,,,,,,,,,,
RUUD 010013,10013,84089101475,Gas Heaters,UNIT-C/P P-D406A-EP-C,,1,,,,,,,,,,,,,,,,,,,
RUUD 010017,10017,84089101479,Gas Heaters,UNIT-C/P P-D406A-EP-C,,1,,,,,,,,,,,,,,,,,,,
RUUD 010021,10021,84089101483,Gas Heaters,UNIT-C/P P-D406A-EP-C,,1,,,,,,,,,,,,,,,,,,,
RUUD 015585,15585,84089103536,Gas Heaters,UNIT-C/P P-D406A-EP-C,,1,,,,,,,,,,,,,,,,,,,
RUUD 015009,15009,84089103308,Gas Heaters,UNIT-C/P P-D406A-EP-X,,1,,,,,,,,,,,,,,,,,,,
RUUD 015013,15013,84089103312,Gas Heaters,UNIT-C/P P-D406A-EP-X,,1,,,,,,,,,,,,,,,,,,,
RUUD 015017,15017,84089103316,Gas Heaters,UNIT-C/P P-D406A-EP-X,,1,,,,,,,,,,,,,,,,,,,
RUUD 015021,15021,84089103320,Gas Heaters,UNIT-C/P P-D406A-EP-X,,1,,,,,,,,,,,,,,,,,,,
RUUD 009937,9937,84089101400,Gas Heaters,UNIT-C/P P-D406A-MN-C,,1,,,,,,,,,,,,,,,,,,,
RUUD 009941,9941,84089101404,Gas Heaters,UNIT-C/P P-D406A-MN-C,,1,,,,,,,,,,,,,,,,,,,
RUUD 009945,9945,84089101408,Gas Heaters,UNIT-C/P P-D406A-MN-C,,1,,,,,,,,,,,,,,,,,,,
RUUD 009949,9949,84089101412,Gas Heaters,UNIT-C/P P-D406A-MP-C,,1,,,,,,,,,,,,,,,,,,,
RUUD 009953,9953,84089101416,Gas Heaters,UNIT-C/P P-D406A-MP-C,,1,,,,,,,,,,,,,,,,,,,
RUUD 009957,9957,84089101420,Gas Heaters,UNIT-C/P P-D406A-MP-C,,1,,,,,,,,,,,,,,,,,,,
RUUD 009961,9961,84089101424,Gas Heaters,UNIT-C/P P-D406A-MP-C,,1,,,,,,,,,,,,,,,,,,,
RUUD 010025,10025,84089101486,Gas Heaters,UNIT-C/P P-D407A-EN-C,,1,,,,,,,,,,,,,,,,,,,
RUUD 010197,10197,84089101579,Gas Heaters,UNIT-C/P P-D407A-EN-X,,1,,,,,,,,,,,,,,,,,,,
RHEEM 014797,14797,84089103207,Gas Heaters,UNIT-C/P P-M106A-AN-C,,1,,,,,,,,,,,,,,,,,,,
RHEEM 014798,14798,84089103208,Gas Heaters,UNIT-C/P P-M106A-AN-C,,1,,,,,,,,,,,,,,,,,,,
RHEEM 014799,14799,84089103209,Gas Heaters,UNIT-C/P P-M106A-AP-C,,1,,,,,,,,,,,,,,,,,,,
RHEEM 014800,14800,84089103210,Gas Heaters,UNIT-C/P P-M106A-AP-C,,1,,,,,,,,,,,,,,,,,,,
RHEEM 014801,14801,84089103211,Gas Heaters,UNIT-C/P P-M106A-AP-C,,1,,,,,,,,,,,,,,,,,,,
RHEEM 015100,15100,84089103361,Gas Heaters,UNIT-C/P P-M106A-AP-C,,1,,,,,,,,,,,,,,,,,,,
RHEEM 015799,15799,84089103636,Gas Heaters,UNIT-C/P P-M106A-AP-C,,1,,,,,,,,,,,,,,,,,,,
RHEEM 015800,15800,84089103666,Gas Heaters,UNIT-C/P P-M106A-AP-C,,1,,,,,,,,,,,,,,,,,,,
RHEEM 015801,15801,84089103624,Gas Heaters,UNIT-C/P P-M106A-AP-C,,1,,,,,,,,,,,,,,,,,,,
RHEEM 014802,14802,84089103212,Gas Heaters,UNIT-C/P P-M156A-EN-C,,1,,,,,,,,,,,,,,,,,,,
RHEEM 014803,14803,84089103213,Gas Heaters,UNIT-C/P P-M156A-EN-C,,1,,,,,,,,,,,,,,,,,,,
RHEEM 014804,14804,84089103214,Gas Heaters,UNIT-C/P P-M156A-EP-C,,1,,,,,,,,,,,,,,,,,,,
RHEEM 014805,14805,84089103215,Gas Heaters,UNIT-C/P P-M156A-EP-C,,1,,,,,,,,,,,,,,,,,,,
RHEEM 014806,14806,84089103216,Gas Heaters,UNIT-C/P P-M156A-EP-C,,1,,,,,,,,,,,,,,,,,,,
RHEEM 015101,15101,84089103419,Gas Heaters,UNIT-C/P P-M156A-EP-C,,1,,,,,,,,,,,,,,,,,,,
RHEEM 015802,15802,84089103637,Gas Heaters,UNIT-C/P P-M156A-EP-C,,1,,,,,,,,,,,,,,,,,,,
RHEEM 015803,15803,84089103667,Gas Heaters,UNIT-C/P P-M156A-EP-C,,1,,,,,,,,,,,,,,,,,,,
RHEEM 015804,15804,84089103625,Gas Heaters,UNIT-C/P P-M156A-EP-C,,1,,,,,,,,,,,,,,,,,,,
RHEEM 009962,9962,84089101425,Gas Heaters,UNIT-C/P P-M206A-EN-C,,1,,,,,,,,,,,,,,,,,,,
RHEEM 009966,9966,84089101429,Gas Heaters,UNIT-C/P P-M206A-EN-C,,1,,,,,,,,,,,,,,,,,,,
RHEEM 009970,9970,84089101433,Gas Heaters,UNIT-C/P P-M206A-EN-C,,1,,,,,,,,,,,,,,,,,,,
RHEEM 014966,14966,84089103241,Gas Heaters,UNIT-C/P P-M206A-EN-X,,1,,,,,,,,,,,,,,,,,,,
RHEEM 014970,14970,84089103269,Gas Heaters,UNIT-C/P P-M206A-EN-X,,1,,,,,,,,,,,,,,,,,,,
RHEEM 014974,14974,84089103273,Gas Heaters,UNIT-C/P P-M206A-EN-X,,1,,,,,,,,,,,,,,,,,,,
RHEEM 009974,9974,84089101437,Gas Heaters,UNIT-C/P P-M206A-EP-C,,1,,,,,,,,,,,,,,,,,,,
RHEEM 009978,9978,84089101441,Gas Heaters,UNIT-C/P P-M206A-EP-C,,1,,,,,,,,,,,,,,,,,,,
RHEEM 009982,9982,84089101445,Gas Heaters,UNIT-C/P P-M206A-EP-C,,1,,,,,,,,,,,,,,,,,,,
RHEEM 009986,9986,84089101449,Gas Heaters,UNIT-C/P P-M206A-EP-C,,1,,,,,,,,,,,,,,,,,,,
RHEEM 015817,15817,84089103638,Gas Heaters,UNIT-C/P P-M206A-EP-C,,1,,,,,,,,,,,,,,,,,,,
RHEEM 015818,15818,84089103668,Gas Heaters,UNIT-C/P P-M206A-EP-C,,1,,,,,,,,,,,,,,,,,,,
RHEEM 015819,15819,84089103626,Gas Heaters,UNIT-C/P P-M206A-EP-C,,1,,,,,,,,,,,,,,,,,,,
RHEEM 014978,14978,84089103277,Gas Heaters,UNIT-C/P P-M206A-EP-X,,1,,,,,,,,,,,,,,,,,,,
RHEEM 014982,14982,84089103281,Gas Heaters,UNIT-C/P P-M206A-EP-X,,1,,,,,,,,,,,,,,,,,,,
RHEEM 014986,14986,84089103285,Gas Heaters,UNIT-C/P P-M206A-EP-X,,1,,,,,,,,,,,,,,,,,,,
RHEEM 014990,14990,84089103289,Gas Heaters,UNIT-C/P P-M206A-EP-X,,1,,,,,,,,,,,,,,,,,,,
RHEEM 009906,9906,84089101369,Gas Heaters,UNIT-C/P P-M206A-MN-C,,1,,,,,,,,,,,,,,,,,,,
RHEEM 009910,9910,84089101373,Gas Heaters,UNIT-C/P P-M206A-MN-C,,1,,,,,,,,,,,,,,,,,,,
RHEEM 009914,9914,84089101377,Gas Heaters,UNIT-C/P P-M206A-MN-C,,1,,,,,,,,,,,,,,,,,,,
RHEEM 009918,9918,84089101381,Gas Heaters,UNIT-C/P P-M206A-MP-C,,1,,,,,,,,,,,,,,,,,,,
RHEEM 009922,9922,84089101385,Gas Heaters,UNIT-C/P P-M206A-MP-C,,1,,,,,,,,,,,,,,,,,,,
RHEEM 009926,9926,84089101389,Gas Heaters,UNIT-C/P P-M206A-MP-C,,1,,,,,,,,,,,,,,,,,,,
RHEEM 009930,9930,84089101393,Gas Heaters,UNIT-C/P P-M206A-MP-C,,1,,,,,,,,,,,,,,,,,,,
RHEEM 015805,15805,84089103633,Gas Heaters,UNIT-C/P P-M206A-MP-C,,1,,,,,,,,,,,,,,,,,,,
RHEEM 015806,15806,84089103658,Gas Heaters,UNIT-C/P P-M206A-MP-C,,1,,,,,,,,,,,,,,,,,,,
RHEEM 015807,15807,84089103659,Gas Heaters,UNIT-C/P P-M206A-MP-C,,1,,,,,,,,,,,,,,,,,,,
RHEEM 009990,9990,84089101453,Gas Heaters,UNIT-C/P P-M207A-EN-C,,1,,,,,,,,,,,,,,,,,,,
RHEEM 010162,10162,84089101546,Gas Heaters,UNIT-C/P P-M207A-EN-X,,1,,,,,,,,,,,,,,,,,,,
RHEEM 018068,18068,20352765143,Gas Heaters,UNIT-C/P P-M264A-EN-C,,1,,,,,,,,,,,,,,,,,,,
RHEEM 018074,18074,84089104732,Gas Heaters,UNIT-C/P P-M264A-EP-C,,1,,,,,,,,,,,,,,,,,,,
RHEEM 009963,9963,84089101426,Gas Heaters,UNIT-C/P P-M266A-EN-C,,1,,,,,,,,,,,,,,,,,,,
RHEEM 009967,9967,84089101430,Gas Heaters,UNIT-C/P P-M266A-EN-C,,1,,,,,,,,,,,,,,,,,,,
RHEEM 009971,9971,84089101434,Gas Heaters,UNIT-C/P P-M266A-EN-C,,1,,,,,,,,,,,,,,,,,,,
RHEEM 014967,14967,84089103242,Gas Heaters,UNIT-C/P P-M266A-EN-X,,1,,,,,,,,,,,,,,,,,,,
RHEEM 014971,14971,84089103270,Gas Heaters,UNIT-C/P P-M266A-EN-X,,1,,,,,,,,,,,,,,,,,,,
RHEEM 014975,14975,84089103274,Gas Heaters,UNIT-C/P P-M266A-EN-X,,1,,,,,,,,,,,,,,,,,,,
RHEEM 009975,9975,84089101438,Gas Heaters,UNIT-C/P P-M266A-EP-C,,1,,,,,,,,,,,,,,,,,,,
RHEEM 009979,9979,84089101442,Gas Heaters,UNIT-C/P P-M266A-EP-C,,1,,,,,,,,,,,,,,,,,,,
RHEEM 009983,9983,84089101446,Gas Heaters,UNIT-C/P P-M266A-EP-C,,1,,,,,,,,,,,,,,,,,,,
RHEEM 009987,9987,84089101450,Gas Heaters,UNIT-C/P P-M266A-EP-C,,1,,,,,,,,,,,,,,,,,,,
RHEEM 015820,15820,84089103639,Gas Heaters,UNIT-C/P P-M266A-EP-C,,1,,,,,,,,,,,,,,,,,,,
RHEEM 015821,15821,84089103669,Gas Heaters,UNIT-C/P P-M266A-EP-C,,1,,,,,,,,,,,,,,,,,,,
RHEEM 015822,15822,84089103670,Gas Heaters,UNIT-C/P P-M266A-EP-C,,1,,,,,,,,,,,,,,,,,,,
RHEEM 014979,14979,84089103278,Gas Heaters,UNIT-C/P P-M266A-EP-X,,1,,,,,,,,,,,,,,,,,,,
RHEEM 014983,14983,84089103282,Gas Heaters,UNIT-C/P P-M266A-EP-X,,1,,,,,,,,,,,,,,,,,,,
RHEEM 014987,14987,84089103286,Gas Heaters,UNIT-C/P P-M266A-EP-X,,1,,,,,,,,,,,,,,,,,,,
RHEEM 014991,14991,84089103290,Gas Heaters,UNIT-C/P P-M266A-EP-X,,1,,,,,,,,,,,,,,,,,,,
RHEEM 009907,9907,84089101370,Gas Heaters,UNIT-C/P P-M266A-MN-C,,1,,,,,,,,,,,,,,,,,,,
RHEEM 009911,9911,84089101374,Gas Heaters,UNIT-C/P P-M266A-MN-C,,1,,,,,,,,,,,,,,,,,,,
RHEEM 009915,9915,84089101378,Gas Heaters,UNIT-C/P P-M266A-MN-C,,1,,,,,,,,,,,,,,,,,,,
RHEEM 009919,9919,84089101382,Gas Heaters,UNIT-C/P P-M266A-MP-C,,1,,,,,,,,,,,,,,,,,,,
RHEEM 009923,9923,84089101386,Gas Heaters,UNIT-C/P P-M266A-MP-C,,1,,,,,,,,,,,,,,,,,,,
RHEEM 009927,9927,84089101390,Gas Heaters,UNIT-C/P P-M266A-MP-C,,1,,,,,,,,,,,,,,,,,,,
RHEEM 009931,9931,84089101394,Gas Heaters,UNIT-C/P P-M266A-MP-C,,1,,,,,,,,,,,,,,,,,,,
RHEEM 015808,15808,84089103634,Gas Heaters,UNIT-C/P P-M266A-MP-C,,1,,,,,,,,,,,,,,,,,,,
RHEEM 015809,15809,84089103660,Gas Heaters,UNIT-C/P P-M266A-MP-C,,1,,,,,,,,,,,,,,,,,,,
RHEEM 015810,15810,84089103661,Gas Heaters,UNIT-C/P P-M266A-MP-C,,1,,,,,,,,,,,,,,,,,,,
RHEEM 009991,9991,84089101454,Gas Heaters,UNIT-C/P P-M267A-EN-C,,1,,,,,,,,,,,,,,,,,,,
RHEEM 010163,10163,84089101547,Gas Heaters,UNIT-C/P P-M267A-EN-X,,1,,,,,,,,,,,,,,,,,,,
RHEEM 009964,9964,84089101427,Gas Heaters,UNIT-C/P P-M336A-EN-C,,1,,,,,,,,,,,,,,,,,,,
RHEEM 009968,9968,84089101431,Gas Heaters,UNIT-C/P P-M336A-EN-C,,1,,,,,,,,,,,,,,,,,,,
RHEEM 009972,9972,84089101435,Gas Heaters,UNIT-C/P P-M336A-EN-C,,1,,,,,,,,,,,,,,,,,,,
RHEEM 014968,14968,84089103243,Gas Heaters,UNIT-C/P P-M336A-EN-X,,1,,,,,,,,,,,,,,,,,,,
RHEEM 014972,14972,84089103271,Gas Heaters,UNIT-C/P P-M336A-EN-X,,1,,,,,,,,,,,,,,,,,,,
RHEEM 014976,14976,84089103275,Gas Heaters,UNIT-C/P P-M336A-EN-X,,1,,,,,,,,,,,,,,,,,,,
RHEEM 009976,9976,84089101439,Gas Heaters,UNIT-C/P P-M336A-EP-C,,1,,,,,,,,,,,,,,,,,,,
RHEEM 009980,9980,84089101443,Gas Heaters,UNIT-C/P P-M336A-EP-C,,1,,,,,,,,,,,,,,,,,,,
RHEEM 009984,9984,84089101447,Gas Heaters,UNIT-C/P P-M336A-EP-C,,1,,,,,,,,,,,,,,,,,,,
RHEEM 009988,9988,84089101451,Gas Heaters,UNIT-C/P P-M336A-EP-C,,1,,,,,,,,,,,,,,,,,,,
RHEEM 015823,15823,84089103640,Gas Heaters,UNIT-C/P P-M336A-EP-C,,1,,,,,,,,,,,,,,,,,,,
RHEEM 015824,15824,84089103671,Gas Heaters,UNIT-C/P P-M336A-EP-C,,1,,,,,,,,,,,,,,,,,,,
RHEEM 015825,15825,84089103627,Gas Heaters,UNIT-C/P P-M336A-EP-C,,1,,,,,,,,,,,,,,,,,,,
RHEEM 014980,14980,84089103279,Gas Heaters,UNIT-C/P P-M336A-EP-X,,1,,,,,,,,,,,,,,,,,,,
RHEEM 014984,14984,84089103283,Gas Heaters,UNIT-C/P P-M336A-EP-X,,1,,,,,,,,,,,,,,,,,,,
RHEEM 014988,14988,84089103287,Gas Heaters,UNIT-C/P P-M336A-EP-X,,1,,,,,,,,,,,,,,,,,,,
RHEEM 014992,14992,84089103291,Gas Heaters,UNIT-C/P P-M336A-EP-X,,1,,,,,,,,,,,,,,,,,,,
RHEEM 009908,9908,84089101371,Gas Heaters,UNIT-C/P P-M336A-MN-C,,1,,,,,,,,,,,,,,,,,,,
RHEEM 009912,9912,84089101375,Gas Heaters,UNIT-C/P P-M336A-MN-C,,1,,,,,,,,,,,,,,,,,,,
RHEEM 009916,9916,84089101379,Gas Heaters,UNIT-C/P P-M336A-MN-C,,1,,,,,,,,,,,,,,,,,,,
RHEEM 009920,9920,84089101383,Gas Heaters,UNIT-C/P P-M336A-MP-C,,1,,,,,,,,,,,,,,,,,,,
RHEEM 009924,9924,84089101387,Gas Heaters,UNIT-C/P P-M336A-MP-C,,1,,,,,,,,,,,,,,,,,,,
RHEEM 009928,9928,84089101391,Gas Heaters,UNIT-C/P P-M336A-MP-C,,1,,,,,,,,,,,,,,,,,,,
RHEEM 009932,9932,84089101395,Gas Heaters,UNIT-C/P P-M336A-MP-C,,1,,,,,,,,,,,,,,,,,,,
RHEEM 015812,15812,84089103662,Gas Heaters,UNIT-C/P P-M336A-MP-C,,1,,,,,,,,,,,,,,,,,,,
RHEEM 015813,15813,84089103663,Gas Heaters,UNIT-C/P P-M336A-MP-C,,1,,,,,,,,,,,,,,,,,,,
RHEEM 009992,9992,84089101816,Gas Heaters,UNIT-C/P P-M337A-EN-C,,1,,,,,,,,,,,,,,,,,,,
RHEEM 010164,10164,84089101918,Gas Heaters,UNIT-C/P P-M337A-EN-X,,1,,,,,,,,,,,,,,,,,,,
RHEEM 018069,18069,20352765150,Gas Heaters,UNIT-C/P P-M404A-EN-C,,1,,,,,,,,,,,,,,,,,,,
RHEEM 018075,18075,20352765174,Gas Heaters,UNIT-C/P P-M404A-EP-C,,1,,,,,,,,,,,,,,,,,,,
RHEEM 009965,9965,84089101428,Gas Heaters,UNIT-C/P P-M406A-EN-C,,1,,,,,,,,,,,,,,,,,,,
RHEEM 009969,9969,84089101432,Gas Heaters,UNIT-C/P P-M406A-EN-C,,1,,,,,,,,,,,,,,,,,,,
RHEEM 009973,9973,84089101436,Gas Heaters,UNIT-C/P P-M406A-EN-C,,1,,,,,,,,,,,,,,,,,,,
RHEEM 019234,19234,84089109938,Gas Heaters,UNIT-C/P P-M406A-EN-C,,1,,,,,,,,,,,,,,,,,,,
RHEEM 014969,14969,84089103244,Gas Heaters,UNIT-C/P P-M406A-EN-X,,1,,,,,,,,,,,,,,,,,,,
RHEEM 014973,14973,84089103272,Gas Heaters,UNIT-C/P P-M406A-EN-X,,1,,,,,,,,,,,,,,,,,,,
RHEEM 014977,14977,84089103276,Gas Heaters,UNIT-C/P P-M406A-EN-X,,1,,,,,,,,,,,,,,,,,,,
RHEEM 009977,9977,84089101440,Gas Heaters,UNIT-C/P P-M406A-EP-C,,1,,,,,,,,,,,,,,,,,,,
RHEEM 009981,9981,84089101444,Gas Heaters,UNIT-C/P P-M406A-EP-C,,1,,,,,,,,,,,,,,,,,,,
RHEEM 009985,9985,84089101448,Gas Heaters,UNIT-C/P P-M406A-EP-C,,1,,,,,,,,,,,,,,,,,,,
RHEEM 009989,9989,84089101452,Gas Heaters,UNIT-C/P P-M406A-EP-C,,1,,,,,,,,,,,,,,,,,,,
RHEEM 015826,15826,84089103641,Gas Heaters,UNIT-C/P P-M406A-EP-C,,1,,,,,,,,,,,,,,,,,,,
RHEEM 015827,15827,84089103672,Gas Heaters,UNIT-C/P P-M406A-EP-C,,1,,,,,,,,,,,,,,,,,,,
RHEEM 015828,15828,84089103628,Gas Heaters,UNIT-C/P P-M406A-EP-C,,1,,,,,,,,,,,,,,,,,,,
RHEEM 019235,19235,84089109939,Gas Heaters,UNIT-C/P P-M406A-EP-C,,1,,,,,,,,,,,,,,,,,,,
RHEEM 014981,14981,84089103280,Gas Heaters,UNIT-C/P P-M406A-EP-X,,1,,,,,,,,,,,,,,,,,,,
RHEEM 014985,14985,84089103284,Gas Heaters,UNIT-C/P P-M406A-EP-X,,1,,,,,,,,,,,,,,,,,,,
RHEEM 014989,14989,84089103288,Gas Heaters,UNIT-C/P P-M406A-EP-X,,1,,,,,,,,,,,,,,,,,,,
RHEEM 014993,14993,84089103292,Gas Heaters,UNIT-C/P P-M406A-EP-X,,1,,,,,,,,,,,,,,,,,,,
RHEEM 009909,9909,84089101372,Gas Heaters,UNIT-C/P P-M406A-MN-C,,1,,,,,,,,,,,,,,,,,,,
RHEEM 009913,9913,84089101376,Gas Heaters,UNIT-C/P P-M406A-MN-C,,1,,,,,,,,,,,,,,,,,,,
RHEEM 009917,9917,84089101380,Gas Heaters,UNIT-C/P P-M406A-MN-C,,1,,,,,,,,,,,,,,,,,,,
RHEEM 009921,9921,84089101384,Gas Heaters,UNIT-C/P P-M406A-MP-C,,1,,,,,,,,,,,,,,,,,,,
RHEEM 009925,9925,84089101388,Gas Heaters,UNIT-C/P P-M406A-MP-C,,1,,,,,,,,,,,,,,,,,,,
RHEEM 009929,9929,84089101392,Gas Heaters,UNIT-C/P P-M406A-MP-C,,1,,,,,,,,,,,,,,,,,,,
RHEEM 009933,9933,84089101396,Gas Heaters,UNIT-C/P P-M406A-MP-C,,1,,,,,,,,,,,,,,,,,,,
RHEEM 015814,15814,84089103635,Gas Heaters,UNIT-C/P P-M406A-MP-C,,1,,,,,,,,,,,,,,,,,,,
RHEEM 015816,15816,84089103665,Gas Heaters,UNIT-C/P P-M406A-MP-C,,1,,,,,,,,,,,,,,,,,,,
RHEEM 009993,9993,84089101455,Gas Heaters,UNIT-C/P P-M407A-EN-C,,1,,,,,,,,,,,,,,,,,,,
RHEEM 010165,10165,84089101548,Gas Heaters,UNIT-C/P P-M407A-EN-X,,1,,,,,,,,,,,,,,,,,,,
RAYPAK 014779,14779,84089103422,Gas Heaters,UNIT-C/P P-R106A-AN-C,,1,,,,,,,,,,,,,,,,,,,
RAYPAK 014781,14781,84089103586,Gas Heaters,UNIT-C/P P-R106A-AP-C,,1,,,,,,,,,,,,,,,,,,,
RAYPAK 015102,15102,84089103880,Gas Heaters,UNIT-C/P P-R106A-AP-C,,1,,,,,,,,,,,,,,,,,,,
RAYPAK 014784,14784,84089103579,Gas Heaters,UNIT-C/P P-R156A-EN-C,,1,,,,,,,,,,,,,,,,,,,
RAYPAK 014785,14785,84089104576,Gas Heaters,UNIT-C/P P-R156A-EN-C,,1,,,,,,,,,,,,,,,,,,,
RAYPAK 014786,14786,84089103587,Gas Heaters,UNIT-C/P P-R156A-EP-C,,1,,,,,,,,,,,,,,,,,,,
RAYPAK 015103,15103,84089103960,Gas Heaters,UNIT-C/P P-R156A-EP-C,,1,,,,,,,,,,,,,,,,,,,
RAYPAK 009216,9216,84089101275,Gas Heaters,UNIT-C/P P-R206A-EN-C,,1,,,,,,,,,,,,,,,,,,,
RAYPAK 009220,9220,84089101279,Gas Heaters,UNIT-C/P P-R206A-EN-C,,1,,,,,,,,,,,,,,,,,,,
RAYPAK 009846,9846,84089101357,Gas Heaters,UNIT-C/P P-R206A-EN-C,,1,,,,,,,,,,,,,,,,,,,
RAYPAK 014938,14938,84089103237,Gas Heaters,UNIT-C/P P-R206A-EN-X,,1,,,,,,,,,,,,,,,,,,,
RAYPAK 014942,14942,84089103245,Gas Heaters,UNIT-C/P P-R206A-EN-X,,1,,,,,,,,,,,,,,,,,,,
RAYPAK 014946,14946,84089103249,Gas Heaters,UNIT-C/P P-R206A-EN-X,,1,,,,,,,,,,,,,,,,,,,
RAYPAK 009224,9224,84089101283,Gas Heaters,UNIT-C/P P-R206A-EP-C,,1,,,,,,,,,,,,,,,,,,,
RAYPAK 009228,9228,84089101287,Gas Heaters,UNIT-C/P P-R206A-EP-C,,1,,,,,,,,,,,,,,,,,,,
RAYPAK 009232,9232,84089101291,Gas Heaters,UNIT-C/P P-R206A-EP-C,,1,,,,,,,,,,,,,,,,,,,
RAYPAK 009236,9236,84089101295,Gas Heaters,UNIT-C/P P-R206A-EP-C,,1,,,,,,,,,,,,,,,,,,,
RAYPAK 014950,14950,84089103253,Gas Heaters,UNIT-C/P P-R206A-EP-X,,1,,,,,,,,,,,,,,,,,,,
RAYPAK 014954,14954,84089103257,Gas Heaters,UNIT-C/P P-R206A-EP-X,,1,,,,,,,,,,,,,,,,,,,
RAYPAK 014958,14958,84089103261,Gas Heaters,UNIT-C/P P-R206A-EP-X,,1,,,,,,,,,,,,,,,,,,,
RAYPAK 014962,14962,84089103265,Gas Heaters,UNIT-C/P P-R206A-EP-X,,1,,,,,,,,,,,,,,,,,,,
RAYPAK 009192,9192,84089101251,Gas Heaters,UNIT-C/P P-R206A-MN-C,,1,,,,,,,,,,,,,,,,,,,
RAYPAK 009196,9196,84089101255,Gas Heaters,UNIT-C/P P-R206A-MN-C,,1,,,,,,,,,,,,,,,,,,,
RAYPAK 009842,9842,84089101353,Gas Heaters,UNIT-C/P P-R206A-MN-C,,1,,,,,,,,,,,,,,,,,,,
RAYPAK 009200,9200,84089101259,Gas Heaters,UNIT-C/P P-R206A-MP-C,,1,,,,,,,,,,,,,,,,,,,
RAYPAK 009204,9204,84089101263,Gas Heaters,UNIT-C/P P-R206A-MP-C,,1,,,,,,,,,,,,,,,,,,,
RAYPAK 009208,9208,84089101267,Gas Heaters,UNIT-C/P P-R206A-MP-C,,1,,,,,,,,,,,,,,,,,,,
RAYPAK 009212,9212,84089101271,Gas Heaters,UNIT-C/P P-R206A-MP-C,,1,,,,,,,,,,,,,,,,,,,
RAYPAK 009240,9240,84089101299,Gas Heaters,UNIT-C/P P-R207A-EN-C,,1,,,,,,,,,,,,,,,,,,,
RAYPAK 018032,18032,20352759876,Gas Heaters,UNIT-C/P P-R264A-EN-C,,1,,,,,,,,,,,,,,,,,,,
RAYPAK 018038,18038,84089104728,Gas Heaters,UNIT-C/P P-R264A-EP-C,,1,,,,,,,,,,,,,,,,,,,
RAYPAK 009217,9217,84089101276,Gas Heaters,UNIT-C/P P-R266A-EN-C,,1,,,,,,,,,,,,,,,,,,,
RAYPAK 009221,9221,84089101280,Gas Heaters,UNIT-C/P P-R266A-EN-C,,1,,,,,,,,,,,,,,,,,,,
RAYPAK 009847,9847,84089101358,Gas Heaters,UNIT-C/P P-R266A-EN-C,,1,,,,,,,,,,,,,,,,,,,
RAYPAK 014939,14939,84089103238,Gas Heaters,UNIT-C/P P-R266A-EN-X,,1,,,,,,,,,,,,,,,,,,,
RAYPAK 014943,14943,84089103246,Gas Heaters,UNIT-C/P P-R266A-EN-X,,1,,,,,,,,,,,,,,,,,,,
RAYPAK 014947,14947,84089103250,Gas Heaters,UNIT-C/P P-R266A-EN-X,,1,,,,,,,,,,,,,,,,,,,
RAYPAK 009225,9225,84089101284,Gas Heaters,UNIT-C/P P-R266A-EP-C,,1,,,,,,,,,,,,,,,,,,,
RAYPAK 009229,9229,84089101288,Gas Heaters,UNIT-C/P P-R266A-EP-C,,1,,,,,,,,,,,,,,,,,,,
RAYPAK 009233,9233,84089101292,Gas Heaters,UNIT-C/P P-R266A-EP-C,,1,,,,,,,,,,,,,,,,,,,
RAYPAK 009237,9237,84089101296,Gas Heaters,UNIT-C/P P-R266A-EP-C,,1,,,,,,,,,,,,,,,,,,,
RAYPAK 014951,14951,84089103254,Gas Heaters,UNIT-C/P P-R266A-EP-X,,1,,,,,,,,,,,,,,,,,,,
RAYPAK 014955,14955,84089103258,Gas Heaters,UNIT-C/P P-R266A-EP-X,,1,,,,,,,,,,,,,,,,,,,
RAYPAK 014959,14959,84089103262,Gas Heaters,UNIT-C/P P-R266A-EP-X,,1,,,,,,,,,,,,,,,,,,,
RAYPAK 014963,14963,84089103266,Gas Heaters,UNIT-C/P P-R266A-EP-X,,1,,,,,,,,,,,,,,,,,,,
RAYPAK 009193,9193,84089101252,Gas Heaters,UNIT-C/P P-R266A-MN-C,,1,,,,,,,,,,,,,,,,,,,
RAYPAK 009197,9197,84089101256,Gas Heaters,UNIT-C/P P-R266A-MN-C,,1,,,,,,,,,,,,,,,,,,,
RAYPAK 009843,9843,84089101354,Gas Heaters,UNIT-C/P P-R266A-MN-C,,1,,,,,,,,,,,,,,,,,,,
RAYPAK 009201,9201,84089101260,Gas Heaters,UNIT-C/P P-R266A-MP-C,,1,,,,,,,,,,,,,,,,,,,
RAYPAK 009205,9205,84089101264,Gas Heaters,UNIT-C/P P-R266A-MP-C,,1,,,,,,,,,,,,,,,,,,,
RAYPAK 009209,9209,84089101268,Gas Heaters,UNIT-C/P P-R266A-MP-C,,1,,,,,,,,,,,,,,,,,,,
RAYPAK 009213,9213,84089101272,Gas Heaters,UNIT-C/P P-R266A-MP-C,,1,,,,,,,,,,,,,,,,,,,
RAYPAK 009241,9241,84089101300,Gas Heaters,UNIT-C/P P-R267A-EN-C,,1,,,,,,,,,,,,,,,,,,,
RAYPAK 009218,9218,84089101277,Gas Heaters,UNIT-C/P P-R336A-EN-C,,1,,,,,,,,,,,,,,,,,,,
RAYPAK 009222,9222,84089101281,Gas Heaters,UNIT-C/P P-R336A-EN-C,,1,,,,,,,,,,,,,,,,,,,
RAYPAK 009848,9848,84089101359,Gas Heaters,UNIT-C/P P-R336A-EN-C,,1,,,,,,,,,,,,,,,,,,,
RAYPAK 014940,14940,84089103239,Gas Heaters,UNIT-C/P P-R336A-EN-X,,1,,,,,,,,,,,,,,,,,,,
RAYPAK 014944,14944,84089103247,Gas Heaters,UNIT-C/P P-R336A-EN-X,,1,,,,,,,,,,,,,,,,,,,
RAYPAK 014948,14948,84089103251,Gas Heaters,UNIT-C/P P-R336A-EN-X,,1,,,,,,,,,,,,,,,,,,,
RAYPAK 009226,9226,84089101285,Gas Heaters,UNIT-C/P P-R336A-EP-C,,1,,,,,,,,,,,,,,,,,,,
RAYPAK 009230,9230,84089101289,Gas Heaters,UNIT-C/P P-R336A-EP-C,,1,,,,,,,,,,,,,,,,,,,
RAYPAK 009234,9234,84089101293,Gas Heaters,UNIT-C/P P-R336A-EP-C,,1,,,,,,,,,,,,,,,,,,,
RAYPAK 009238,9238,84089101297,Gas Heaters,UNIT-C/P P-R336A-EP-C,,1,,,,,,,,,,,,,,,,,,,
RAYPAK 014952,14952,84089103255,Gas Heaters,UNIT-C/P P-R336A-EP-X,,1,,,,,,,,,,,,,,,,,,,
RAYPAK 014956,14956,84089103259,Gas Heaters,UNIT-C/P P-R336A-EP-X,,1,,,,,,,,,,,,,,,,,,,
RAYPAK 014960,14960,84089103263,Gas Heaters,UNIT-C/P P-R336A-EP-X,,1,,,,,,,,,,,,,,,,,,,
RAYPAK 014964,14964,84089103267,Gas Heaters,UNIT-C/P P-R336A-EP-X,,1,,,,,,,,,,,,,,,,,,,
RAYPAK 009194,9194,84089101253,Gas Heaters,UNIT-C/P P-R336A-MN-C,,1,,,,,,,,,,,,,,,,,,,
RAYPAK 009198,9198,84089101257,Gas Heaters,UNIT-C/P P-R336A-MN-C,,1,,,,,,,,,,,,,,,,,,,
RAYPAK 009844,9844,84089101355,Gas Heaters,UNIT-C/P P-R336A-MN-C,,1,,,,,,,,,,,,,,,,,,,
RAYPAK 009202,9202,84089101261,Gas Heaters,UNIT-C/P P-R336A-MP-C,,1,,,,,,,,,,,,,,,,,,,
RAYPAK 009206,9206,84089101265,Gas Heaters,UNIT-C/P P-R336A-MP-C,,1,,,,,,,,,,,,,,,,,,,
RAYPAK 009210,9210,84089101269,Gas Heaters,UNIT-C/P P-R336A-MP-C,,1,,,,,,,,,,,,,,,,,,,
RAYPAK 009214,9214,84089101273,Gas Heaters,UNIT-C/P P-R336A-MP-C,,1,,,,,,,,,,,,,,,,,,,
RAYPAK 009242,9242,84089101812,Gas Heaters,UNIT-C/P P-R337A-EN-C,,1,,,,,,,,,,,,,,,,,,,
RAYPAK 018033,18033,84089104729,Gas Heaters,UNIT-C/P P-R404A-EN-C,,1,,,,,,,,,,,,,,,,,,,
RAYPAK 018039,18039,84089104730,Gas Heaters,UNIT-C/P P-R404A-EP-C,,1,,,,,,,,,,,,,,,,,,,
RAYPAK 009219,9219,84089101278,Gas Heaters,UNIT-C/P P-R406A-EN-C,,1,,,,,,,,,,,,,,,,,,,
RAYPAK 009223,9223,84089101282,Gas Heaters,UNIT-C/P P-R406A-EN-C,,1,,,,,,,,,,,,,,,,,,,
RAYPAK 009849,9849,84089101360,Gas Heaters,UNIT-C/P P-R406A-EN-C,,1,,,,,,,,,,,,,,,,,,,
RAYPAK 014941,14941,84089103240,Gas Heaters,UNIT-C/P P-R406A-EN-X,,1,,,,,,,,,,,,,,,,,,,
RAYPAK 014945,14945,84089103248,Gas Heaters,UNIT-C/P P-R406A-EN-X,,1,,,,,,,,,,,,,,,,,,,
RAYPAK 014949,14949,84089103252,Gas Heaters,UNIT-C/P P-R406A-EN-X,,1,,,,,,,,,,,,,,,,,,,
RAYPAK 009227,9227,84089101286,Gas Heaters,UNIT-C/P P-R406A-EP-C,,1,,,,,,,,,,,,,,,,,,,
RAYPAK 009231,9231,84089101290,Gas Heaters,UNIT-C/P P-R406A-EP-C,,1,,,,,,,,,,,,,,,,,,,
RAYPAK 009235,9235,84089101294,Gas Heaters,UNIT-C/P P-R406A-EP-C,,1,,,,,,,,,,,,,,,,,,,
RAYPAK 009239,9239,84089101298,Gas Heaters,UNIT-C/P P-R406A-EP-C,,1,,,,,,,,,,,,,,,,,,,
RAYPAK 014953,14953,84089103256,Gas Heaters,UNIT-C/P P-R406A-EP-X,,1,,,,,,,,,,,,,,,,,,,
RAYPAK 014957,14957,84089103260,Gas Heaters,UNIT-C/P P-R406A-EP-X,,1,,,,,,,,,,,,,,,,,,,
RAYPAK 014961,14961,84089103264,Gas Heaters,UNIT-C/P P-R406A-EP-X,,1,,,,,,,,,,,,,,,,,,,
RAYPAK 014965,14965,84089103268,Gas Heaters,UNIT-C/P P-R406A-EP-X,,1,,,,,,,,,,,,,,,,,,,
RAYPAK 009195,9195,84089101254,Gas Heaters,UNIT-C/P P-R406A-MN-C,,1,,,,,,,,,,,,,,,,,,,
RAYPAK 009199,9199,84089101258,Gas Heaters,UNIT-C/P P-R406A-MN-C,,1,,,,,,,,,,,,,,,,,,,
RAYPAK 009845,9845,84089101356,Gas Heaters,UNIT-C/P P-R406A-MN-C,,1,,,,,,,,,,,,,,,,,,,
RAYPAK 009203,9203,84089101262,Gas Heaters,UNIT-C/P P-R406A-MP-C,,1,,,,,,,,,,,,,,,,,,,
RAYPAK 009207,9207,84089101266,Gas Heaters,UNIT-C/P P-R406A-MP-C,,1,,,,,,,,,,,,,,,,,,,
RAYPAK 009211,9211,84089101270,Gas Heaters,UNIT-C/P P-R406A-MP-C,,1,,,,,,,,,,,,,,,,,,,
RAYPAK 009215,9215,84089101274,Gas Heaters,UNIT-C/P P-R406A-MP-C,,1,,,,,,,,,,,,,,,,,,,
RAYPAK 009243,9243,84089101301,Gas Heaters,UNIT-C/P P-R407A-EN-C,,1,,,,,,,,,,,,,,,,,,,
RAYPAK 014280,14280,84089103511,Gas Heaters,UNIT-C/P S-R410-EN ASME,,1,,,,,,,,,,,,,,,,,,,
RAYPAK 014281,14281,84089103512,Gas Heaters,UNIT-C/P S-R410-EP ASME,,1,,,,,,,,,,,,,,,,,,,
RAYPAK 016638,16638,6.62021E+11,Pool Pumps,TWPH-2450EHT08 POOL HTR,,1,,,,,,,,,,,,,,,,,,,
RAYPAK 016657,16657,6.62021E+11,Pool Pumps,POOL HTR 2450EHT RAYPAK,,1,,,,,,,,,,,,,,,,,,,
RAYPAK 016635,16635,6.62021E+11,Pool Pumps,TWPH-3450EHT08 POOL HTR,,1,,,,,,,,,,,,,,,,,,,
RAYPAK 016658,16658,6.62021E+11,Pool Pumps,POOL HTR 3450EHT RAYPAK,,1,,,,,,,,,,,,,,,,,,,
RAYPAK 016631,16631,6.62021E+11,Pool Pumps,TWPH-4450EHT08 POOL HTR,,1,,,,,,,,,,,,,,,,,,,
RAYPAK 016659,16659,6.62021E+11,Pool Pumps,POOL HTR 4450EHT RAYPAK,,1,,,,,,,,,,,,,,,,,,,
RAYPAK 019069,19069,6.62022E+11,Pool Pumps,TWPH-4550EHT08 POOL HTR,,1,,,,,,,,,,,,,,,,,,,
RAYPAK 013713,13713,7.32382E+11,Pool Pumps,TWPH-5356EPD10 1PH 50HZ,,1,,,,,,,,,,,,,,,,,,,
RAYPAK 013714,13714,7.32382E+11,Pool Pumps,TWPH-5357EPD10 3PH 50HZ,,1,,,,,,,,,,,,,,,,,,,
RAYPAK 013715,13715,7.32382E+11,Pool Pumps,TWPH-5358EPD10 3PH 50HZ,,1,,,,,,,,,,,,,,,,,,,
RAYPAK 016010,16010,6.62021E+11,Pool Pumps,TWPH-5450EHT08  POOL HTR,,1,,,,,,,,,,,,,,,,,,,
RAYPAK 016011,16011,6.62021E+11,Pool Pumps,POOL HTR 5450 RAYPAK,,1,,,,,,,,,,,,,,,,,,,
RAYPAK 019072,19072,6.62022E+11,Pool Pumps,TWPH-5550EHT08 POOL HTR,,1,,,,,,,,,,,,,,,,,,,
RAYPAK 013493,13493,7.32382E+11,Pool Pumps,TWPH-6353EHT08 3PH 60HZ,,1,,,,,,,,,,,,,,,,,,,
RAYPAK 013716,13716,7.32382E+11,Pool Pumps,TWPH-6356EPD10 1PH 50HZ,,1,,,,,,,,,,,,,,,,,,,
RAYPAK 013717,13717,7.32382E+11,Pool Pumps,TWPH-6357EPD10 3PH 50HZ,,1,,,,,,,,,,,,,,,,,,,
RAYPAK 013718,13718,7.32382E+11,Pool Pumps,TWPH-6358EPD10 3PH 50HZ,,1,,,,,,,,,,,,,,,,,,,
RAYPAK 016022,16022,6.62021E+11,Pool Pumps,TWPH-6450EHC08 POOL 6450,,1,,,,,,,,,,,,,,,,,,,
RAYPAK 016015,16015,6.62021E+11,Pool Pumps,TWPH-6450EHT08  POOL HTR,,1,,,,,,,,,,,,,,,,,,,
RAYPAK 016016,16016,6.62021E+11,Pool Pumps,POOL HTR 6450 RAYPAK,,1,,,,,,,,,,,,,,,,,,,
RAYPAK 016019,16019,6.62021E+11,Pool Pumps,TWPH-6450EPD08 POOL HTR,,1,,,,,,,,,,,,,,,,,,,
RAYPAK 019081,19081,6.62022E+11,Pool Pumps,POOL 6550 HEAT/COOL,,1,,,,,,,,,,,,,,,,,,,
RAYPAK 019075,19075,6.62022E+11,Pool Pumps,TWPH-6550EHT08 POOL HTR,,1,,,,,,,,,,,,,,,,,,,
RAYPAK 013719,13719,7.32382E+11,Pool Pumps,TWPH-8357EPD10 3PH 50HZ,,1,,,,,,,,,,,,,,,,,,,
RAYPAK 013720,13720,7.32382E+11,Pool Pumps,TWPH-8358EPD10 3PH 50HZ,,1,,,,,,,,,,,,,,,,,,,
RAYPAK 016037,16037,6.62021E+11,Pool Pumps,TWPH-8450EHC08 POOL 8450,,1,,,,,,,,,,,,,,,,,,,
RAYPAK 016033,16033,6.62021E+11,Pool Pumps,TWPH-8450EHT08  POOL HTR,,1,,,,,,,,,,,,,,,,,,,
RAYPAK 016034,16034,6.62021E+11,Pool Pumps,POOL HTR 8450 RAYPAK,,1,,,,,,,,,,,,,,,,,,,
RAYPAK 019084,19084,6.62022E+11,Pool Pumps,POOL 8550 HEAT/COOL,,1,,,,,,,,,,,,,,,,,,,
RAYPAK 019078,19078,6.62022E+11,Pool Pumps,TWPH-8550EHT08 POOL HTR,,1,,,,,,,,,,,,,,,,,,,
RAYPAK 017738,17738,84089104239,Pool Pumps,CROSSWIND-30-I-R,,1,,,,,,,,,,,,,,,,,,,
RAYPAK 017739,17739,84089104240,Pool Pumps,CROSSWIND-40-I-R,,1,,,,,,,,,,,,,,,,,,,
RAYPAK 017740,17740,84089104241,Pool Pumps,CROSSWIND-50-I-R,,1,,,,,,,,,,,,,,,,,,,
RAYPAK 017741,17741,84089104242,Pool Pumps,CROSSWIND-65-I-R,,1,,,,,,,,,,,,,,,,,,,
RAYPAK 018122,18122,84089104255,Pool Pumps,CROSSWIND-40-O-R,,1,,,,,,,,,,,,,,,,,,,
RAYPAK 018123,18123,84089104256,Pool Pumps,CROSSWIND-50-O-R,,1,,,,,,,,,,,,,,,,,,,
RAYPAK 018124,18124,84089104257,Pool Pumps,CROSSWIND-65-O-R,,1,,,,,,,,,,,,,,,,,,,
RHEEM 016639,16639,6.62021E+11,Pool Pumps,TWPH-2450EHT10 POOL HTR,,1,,,,,,,,,,,,,,,,,,,
RHEEM 016909,16909,6.62021E+11,Pool Pumps,TWPH-2450EHT RHEEM,,1,,,,,,,,,,,,,,,,,,,
RHEEM 016636,16636,6.62021E+11,Pool Pumps,TWPH-3450EHT10 POOL HTR,,1,,,,,,,,,,,,,,,,,,,
RHEEM 016910,16910,6.62021E+11,Pool Pumps,TWPH-3450EHT RHEEM,,1,,,,,,,,,,,,,,,,,,,
RHEEM 016632,16632,6.62021E+11,Pool Pumps,TWPH-4450EHT10 POOL HTR,,1,,,,,,,,,,,,,,,,,,,
RHEEM 016911,16911,6.62021E+11,Pool Pumps,TWPH-4450EHT RHEEM,,1,,,,,,,,,,,,,,,,,,,
RHEEM 019070,19070,6.62022E+11,Pool Pumps,TWPH-4550EHT10 POOL HTR,,1,,,,,,,,,,,,,,,,,,,
RHEEM 016012,16012,6.62021E+11,Pool Pumps,TWPH-5450EHT10 POOL HTR,,1,,,,,,,,,,,,,,,,,,,
RHEEM 016906,16906,6.62021E+11,Pool Pumps,TWPH-5450EHT RHEEM,,1,,,,,,,,,,,,,,,,,,,
RHEEM 016023,16023,6.62021E+11,Pool Pumps,TWPH-6450EHC10 POOL HEAT,,1,,,,,,,,,,,,,,,,,,,
RHEEM 016017,16017,6.62021E+11,Pool Pumps,TWPH-6450EHT10 POOL HTR,,1,,,,,,,,,,,,,,,,,,,
RHEEM 016907,16907,6.62021E+11,Pool Pumps,TWPH-6450EHT RHEEM,,1,,,,,,,,,,,,,,,,,,,
RHEEM 016020,16020,6.62021E+11,Pool Pumps,TWPH-6450EPD10 POOL HTR,,1,,,,,,,,,,,,,,,,,,,
RHEEM 016038,16038,6.62021E+11,Pool Pumps,TWPH-8450EHC10 POOL HTR,,1,,,,,,,,,,,,,,,,,,,
RHEEM 016035,16035,6.62021E+11,Pool Pumps,TWPH-8450EHT10 POOL HTR,,1,,,,,,,,,,,,,,,,,,,
RHEEM 016908,16908,6.62021E+11,Pool Pumps,TWPH-8450EHT RHEEM,,1,,,,,,,,,,,,,,,,,,,
RHEEM 017742,17742,84089104243,Pool Pumps,CROSSWIND-30-I-M,,1,,,,,,,,,,,,,,,,,,,
RHEEM 017743,17743,84089104244,Pool Pumps,CROSSWIND-40-I-M,,1,,,,,,,,,,,,,,,,,,,
RHEEM 017744,17744,84089104245,Pool Pumps,CROSSWIND-50-I-M,,1,,,,,,,,,,,,,,,,,,,
RHEEM 017745,17745,84089104246,Pool Pumps,CROSSWIND-65-I-M,,1,,,,,,,,,,,,,,,,,,,
RHEEM 018125,18125,84089104258,Pool Pumps,CROSSWIND-40-O-M,,1,,,,,,,,,,,,,,,,,,,
RHEEM 018126,18126,84089104259,Pool Pumps,CROSSWIND-50-O-M,,1,,,,,,,,,,,,,,,,,,,
RHEEM 018127,18127,84089104260,Pool Pumps,CROSSWIND-65-O-M,,1,,,,,,,,,,,,,,,,,,,
RUUD 016640,16640,6.62021E+11,Pool Pumps,TWPH-2450EHT11 POOL HTR,,1,,,,,,,,,,,,,,,,,,,
RUUD 016637,16637,6.62021E+11,Pool Pumps,TWPH-3450EHT11 POOL HTR,,1,,,,,,,,,,,,,,,,,,,
RUUD 016633,16633,6.62021E+11,Pool Pumps,TWPH-4450EHT11 POOL HTR,,1,,,,,,,,,,,,,,,,,,,
RUUD 019071,19071,6.62022E+11,Pool Pumps,TWPH-4550EHT11 POOL HTR,,1,,,,,,,,,,,,,,,,,,,
RUUD 016013,16013,6.62021E+11,Pool Pumps,TWPH-5450EHT11 POOL HTR,,1,,,,,,,,,,,,,,,,,,,
RUUD 013496,13496,7.32382E+11,Pool Pumps,TWPH-6353EHT11 3PH 60HZ,,1,,,,,,,,,,,,,,,,,,,
RUUD 016024,16024,6.62021E+11,Pool Pumps,TWPH-6450EHC11 POOL 6450,,1,,,,,,,,,,,,,,,,,,,
RUUD 016018,16018,6.62021E+11,Pool Pumps,TWPH-6450EHT11 POOL HTR,,1,,,,,,,,,,,,,,,,,,,
RUUD 016021,16021,6.62021E+11,Pool Pumps,TWPH-6450EPD11 POOL HTR,,1,,,,,,,,,,,,,,,,,,,
RUUD 013414,13414,7.32382E+11,Pool Pumps,TWPH-8353EHT11 3PH 60HZ,,1,,,,,,,,,,,,,,,,,,,
RUUD 013434,13434,7.32382E+11,Pool Pumps,TWPH-8354AHT11 3PH 60HZ,,1,,,,,,,,,,,,,,,,,,,
RUUD 016039,16039,6.62021E+11,Pool Pumps,TWPH-8450EHC11 POOL 8450,,1,,,,,,,,,,,,,,,,,,,
RUUD 016036,16036,6.62021E+11,Pool Pumps,TWPH-8450EHT11 POOL HTR,,1,,,,,,,,,,,,,,,,,,,
RUUD 017746,17746,84089104247,Pool Pumps,CROSSWIND-30-I-D,,1,,,,,,,,,,,,,,,,,,,
RUUD 017747,17747,84089104248,Pool Pumps,CROSSWIND-40-I-D,,1,,,,,,,,,,,,,,,,,,,
RUUD 017748,17748,84089104249,Pool Pumps,CROSSWIND-50-I-D,,1,,,,,,,,,,,,,,,,,,,
RUUD 017749,17749,84089104250,Pool Pumps,CROSSWIND-65-I-D,,1,,,,,,,,,,,,,,,,,,,
RUUD 018128,18128,84089104261,Pool Pumps,CROSSWIND-40-O-D,,1,,,,,,,,,,,,,,,,,,,
RUUD 018129,18129,84089104262,Pool Pumps,CROSSWIND-50-O-D,,1,,,,,,,,,,,,,,,,,,,
RUUD 018130,18130,84089104263,Pool Pumps,CROSSWIND-65-O-D,,1,,,,,,,,,,,,,,,,,,,
RAYPAK 013734,13734,7.32382E+11,Pool Pumps,TWPH-10353EHC17 208/230V,,1,,,,,,,,,,,,,,,,,,,
RAYPAK 013735,13735,7.32382E+11,Pool Pumps,TWPH-10354EHC17 460V 3PH,,1,,,,,,,,,,,,,,,,,,,
RAYPAK 013906,13906,7.32382E+11,Pool Pumps,TWPH-10355EHC17 380V 3PH,,1,,,,,,,,,,,,,,,,,,,
RAYPAK 017060,17060,6.62021E+11,Pool Pumps,TWPH-6450EHC08A POOL 645,,1,,,,,,,,,,,,,,,,,,,
RAYPAK 017062,17062,6.62021E+11,Pool Pumps,TWPH-6450EHC10A POOL 645,,1,,,,,,,,,,,,,,,,,,,
RAYPAK 017061,17061,6.62021E+11,Pool Pumps,TWPH-8450EHC08A POOL 845,,1,,,,,,,,,,,,,,,,,,,
RAYPAK 017063,17063,6.62021E+11,Pool Pumps,TWPH-8450EHC10A POOL 845,,1,,,,,,,,,,,,,,,,,,,
RAYPAK 014777,14777,6.62021E+11,Pool Pumps,TWPH-9350EHC17 IPH 60HZ,,1,,,,,,,,,,,,,,,,,,,
RAYPAK 015385,15385,6.62021E+11,Pool Pumps,TWPH-9353EHC17 3APH 60HZ,,1,,,,,,,,,,,,,,,,,,,